symbol_id;filename;codepoint;width;height;total_mass;mass_q1;mass_q2;mass_q3;mass_q4;specific_q1;specific_q2;specific_q3;specific_q4;x_c;y_c;x_c_norm;y_c_norm;i_x;i_y;i_x_norm;i_y_norm;profile_file
01_U+2C00;01_U+2C00.png;U+2C00;28;37;376.0;76;59;125;116;0.30158730158730157;0.23412698412698413;0.4699248120300752;0.43609022556390975;13.409574468085106;19.23404255319149;0.4966509062253743;0.5342789598108747;23823.404255319147;19212.925531914894;0.04888897970703463;0.07009356131948054;profiles_xy/01_U+2C00_profile_xy.png
02_U+2C01;02_U+2C01.png;U+2C01;28;37;588.0;175;162;162;89;0.6944444444444444;0.6428571428571429;0.6090225563909775;0.33458646616541354;11.923469387755102;17.35544217687075;0.44160997732426305;0.4820956160241875;72498.71258503402;46479.55612244898;0.09513667457303743;0.10843191241951275;profiles_xy/02_U+2C01_profile_xy.png
03_U+2C02;03_U+2C02.png;U+2C02;48;38;784.0;254;254;138;138;0.5570175438596491;0.5570175438596491;0.3026315789473684;0.3026315789473684;23.6109693877551;15.626275510204081;0.5023610508033001;0.42233177054605625;85473.4987244898;131454.3456632653;0.07963646442779046;0.07590373891551336;profiles_xy/03_U+2C02_profile_xy.png
04_U+2C03;04_U+2C03.png;U+2C03;41;38;650.0;233;51;129;237;0.6131578947368421;0.12781954887218044;0.3394736842105263;0.5939849624060151;18.963076923076922;19.726153846153846;0.47407692307692306;0.5331392931392931;68389.25538461538;76609.11384615384;0.07685481304109161;0.0736626094674556;profiles_xy/04_U+2C03_profile_xy.png
05_U+2C04;05_U+2C04.png;U+2C04;48;38;779.0;143;141;246;249;0.31359649122807015;0.3092105263157895;0.5394736842105263;0.5460526315789473;23.562259306803593;21.177150192554556;0.5013246661022042;0.5723554106095826;84503.55327342747;129403.73042362003;0.07923810214761623;0.07519926966042176;profiles_xy/05_U+2C04_profile_xy.png
06_U+2C05;06_U+2C05.png;U+2C05;22;38;451.0;91;141;86;133;0.4354066985645933;0.6746411483253588;0.41148325358851673;0.6363636363636364;12.184035476718403;18.212860310421284;0.5801921655580192;0.4922394678492239;58815.56541019956;16829.725055432373;0.09526037489970274;0.08461783115089357;profiles_xy/06_U+2C05_profile_xy.png
07_U+2C06;07_U+2C06.png;U+2C06;47;38;795.0;142;152;250;251;0.32494279176201374;0.3333333333333333;0.5720823798627003;0.5504385964912281;23.010062893081763;21.355974842767296;0.5002187585452557;0.577188509263981;77756.25911949686;115735.91949685533;0.0714438387470052;0.06879951462760836;profiles_xy/07_U+2C06_profile_xy.png
08_U+2C07;08_U+2C07.png;U+2C07;37;38;598.0;109;123;175;191;0.31871345029239767;0.3407202216066482;0.5116959064327485;0.5290858725761773;17.81103678929766;19.180602006688964;0.494751021924935;0.5183946488294314;55662.49498327759;31263.647157190637;0.06799203454328842;0.04033977346968114;profiles_xy/08_U+2C07_profile_xy.png
09_U+2C08;09_U+2C08.png;U+2C08;46;38;808.0;240;83;215;270;0.5491990846681922;0.18993135011441648;0.4919908466819222;0.6178489702517163;20.72029702970297;20.794554455445546;0.4604510451045104;0.5620149852823121;74197.89603960395;133612.78712871287;0.0670774866741677;0.08166042484336442;profiles_xy/09_U+2C08_profile_xy.png
10_U+2C09;10_U+2C09.png;U+2C09;50;37;829.0;294;293;121;121;0.6533333333333333;0.6511111111111111;0.25473684210526315;0.25473684210526315;24.447527141133897;12.891435464414958;0.4989291253292632;0.3580954295670822;72404.22919179735;130992.96743063931;0.06739138817387205;0.06581142428624147;profiles_xy/10_U+2C09_profile_xy.png
11_U+2C0A;11_U+2C0A.png;U+2C0A;50;37;986.0;292;292;202;200;0.6488888888888888;0.6488888888888888;0.42526315789473684;0.42105263157894735;24.453346855983774;15.634888438133874;0.499047895020077;0.43430245661482986;114832.55983772817;147114.35395537526;0.08986345866649151;0.06214210692948901;profiles_xy/11_U+2C0A_profile_xy.png
12_U+2C0B;12_U+2C0B.png;U+2C0B;30;38;627.0;185;189;126;127;0.6491228070175439;0.6631578947368421;0.4421052631578947;0.4456140350877193;14.657097288676235;16.59011164274322;0.5054171478853874;0.4483813957498168;83983.65869218501;46013.27591706539;0.09784165754137236;0.08726088581616664;profiles_xy/12_U+2C0B_profile_xy.png
13_U+2C0C;13_U+2C0C.png;U+2C0C;38;37;699.0;163;200;193;143;0.4766081871345029;0.5847953216374269;0.5346260387811634;0.3961218836565097;18.267525035765377;17.470672389127326;0.4937168928585237;0.4852964552535368;74624.14878397711;80146.97281831189;0.08237533864954467;0.08375418166859668;profiles_xy/13_U+2C0C_profile_xy.png
14_U+2C0D;14_U+2C0D.png;U+2C0D;16;37;284.0;90;55;82;57;0.625;0.3819444444444444;0.5394736842105263;0.375;6.338028169014085;17.845070422535212;0.4225352112676057;0.4956964006259781;25087.18309859155;7191.549295774648;0.06815983931759573;0.11254380744561265;profiles_xy/14_U+2C0D_profile_xy.png
15_U+2C0E;15_U+2C0E.png;U+2C0E;48;38;793.0;161;159;238;235;0.3530701754385965;0.34868421052631576;0.5219298245614035;0.5153508771929824;23.460277427490542;20.9281210592686;0.4991548388827775;0.565624893493746;85066.9029003783;127246.99873896595;0.0783581160762758;0.07264046985304641;profiles_xy/15_U+2C0E_profile_xy.png
16_U+2C0F;16_U+2C0F.png;U+2C0F;54;38;1155.0;329;338;244;244;0.6413255360623782;0.6588693957115009;0.4756335282651072;0.4756335282651072;26.533333333333335;16.46147186147186;0.5006289308176101;0.4449046449046449;140741.0354978355;233679.46666666665;0.08900928443223985;0.07202559080095569;profiles_xy/16_U+2C0F_profile_xy.png
17_U+2C10;17_U+2C10.png;U+2C10;32;37;468.0;106;144;176;42;0.3680555555555556;0.5;0.5789473684210527;0.13815789473684212;15.224358974358974;15.679487179487179;0.4911083540115798;0.4355413105413105;46099.92307692308;31251.44230769231;0.07600625705148498;0.06948656204739612;profiles_xy/17_U+2C10_profile_xy.png
18_U+2C11;18_U+2C11.png;U+2C11;19;38;491.0;107;138;110;136;0.6257309941520468;0.7263157894736842;0.6432748538011696;0.7157894736842105;9.539714867617107;18.409368635437882;0.5299841593120616;0.4975505036604833;55658.71690427699;14685.975560081468;0.08280341531686797;0.09231585552338052;profiles_xy/18_U+2C11_profile_xy.png
19_U+2C12;19_U+2C12.png;U+2C12;31;37;519.0;162;198;126;33;0.6;0.6875;0.4421052631578947;0.10855263157894737;13.951830443159922;13.175337186897881;0.4650610147719974;0.3659815885249411;47131.044315992294;38473.795761078996;0.07007041722565995;0.08236736407852494;profiles_xy/19_U+2C12_profile_xy.png
20_U+2C13;20_U+2C13.png;U+2C13;20;37;386.0;115;10;140;121;0.6388888888888888;0.05555555555555555;0.7368421052631579;0.6368421052631579;7.046632124352332;21.39119170984456;0.3708753749659122;0.5941997697179044;37671.93005181347;13629.160621761657;0.07530530378808743;0.0978080506204818;profiles_xy/20_U+2C13_profile_xy.png
21_U+2C14;21_U+2C14.png;U+2C14;30;37;607.0;120;122;182;183;0.4444444444444444;0.45185185185185184;0.6385964912280702;0.6421052631578947;14.566721581548599;19.520593080724876;0.502300744191331;0.5422386966868021;77149.49258649093;45067.047775947285;0.09807072399486817;0.08828245925155251;profiles_xy/21_U+2C14_profile_xy.png
22_U+2C15;22_U+2C15.png;U+2C15;45;38;950.0;264;255;219;212;0.631578947368421;0.5835240274599542;0.5239234449760766;0.4851258581235698;21.653684210526315;16.922105263157896;0.4921291866028708;0.45735419630156476;133736.2357894737;183121.06210526318;0.10283052230938733;0.09956560575536276;profiles_xy/22_U+2C15_profile_xy.png
23_U+2C2B;23_U+2C2B.png;U+2C2B;29;37;643.0;185;111;176;171;0.7341269841269841;0.4111111111111111;0.6616541353383458;0.6;11.435458786936236;18.53343701399689;0.40840924239057985;0.5148176948332469;83926.03110419906;32758.07153965785;0.10071188188108292;0.06498173330461851;profiles_xy/23_U+2C2B_profile_xy.png
24_U+2C16;24_U+2C16.png;U+2C16;38;38;900.0;254;198;254;194;0.703601108033241;0.5484764542936288;0.703601108033241;0.5373961218836565;17.073333333333334;18.371111111111112;0.46144144144144145;0.49651651651651657;101890.0488888889;85013.16;0.08269624940255571;0.06899858777696616;profiles_xy/24_U+2C16_profile_xy.png
25_U+2C17;25_U+2C17.png;U+2C17;35;51;665.0;178;203;129;155;0.4188235294117647;0.45111111111111113;0.2918552036199095;0.3311965811965812;17.027067669172933;21.66315789473684;0.5007961079168509;0.4332631578947368;98038.54736842104;55675.51278195489;0.05897055480807281;0.07242437336674934;profiles_xy/25_U+2C17_profile_xy.png
26_U+2C18;26_U+2C18.png;U+2C18;28;38;433.0;114;0;150;169;0.42857142857142855;0.0;0.5639097744360902;0.6353383458646616;12.69515011547344;22.778290993071593;0.47019074501753483;0.6156294862992322;41558.71593533487;21759.759815242494;0.07010851624697799;0.06893482424037006;profiles_xy/26_U+2C18_profile_xy.png
27_U+2C19;27_U+2C19.png;U+2C19;35;38;692.0;168;175;171;178;0.5201238390092879;0.5116959064327485;0.5294117647058824;0.52046783625731;17.039017341040463;18.455202312138727;0.5011475688541313;0.49878925167942506;89045.6112716763;69477.94653179191;0.09399461578182072;0.08685264432339929;profiles_xy/27_U+2C19_profile_xy.png
28_U+2C1A;28_U+2C1A.png;U+2C1A;36;37;621.0;89;176;223;133;0.27469135802469136;0.5432098765432098;0.652046783625731;0.3888888888888889;18.935587761674718;18.81964573268921;0.5410167931907063;0.5227679370191447;75683.80032206119;66353.423510467;0.09403863780300241;0.08722392916029707;profiles_xy/28_U+2C1A_profile_xy.png
29_U+2C1B;29_U+2C1B.png;U+2C1B;27;38;591.0;157;176;124;134;0.6356275303643725;0.6616541353383458;0.5020242914979757;0.5037593984962406;13.052453468697124;17.63113367174281;0.5020174411037355;0.47651712626331916;63035.58714043993;36907.37394247039;0.07791029941506321;0.0923802149162246;profiles_xy/29_U+2C1B_profile_xy.png
30_U+2C1C;30_U+2C1C.png;U+2C1C;38;37;560.0;248;121;22;169;0.7251461988304093;0.3538011695906433;0.060941828254847646;0.46814404432132967;18.889285714285716;14.607142857142858;0.5105212355212355;0.40575396825396826;52011.57142857143;54943.135714285716;0.07166497385991434;0.07166745240828253;profiles_xy/30_U+2C1C_profile_xy.png
31_U+2C1D;31_U+2C1D.png;U+2C1D;31;38;581.0;136;125;156;164;0.47719298245614034;0.41118421052631576;0.5473684210526316;0.5394736842105263;14.889845094664372;18.80722891566265;0.4963281698221457;0.5083034842070987;53676.40963855422;39508.950086058525;0.06748447569497971;0.07555737251110829;profiles_xy/31_U+2C1D_profile_xy.png
32_U+2C1E;32_U+2C1E.png;U+2C1E;31;37;651.0;143;144;180;184;0.5296296296296297;0.5;0.631578947368421;0.6052631578947368;14.508448540706604;19.548387096774192;0.4836149513568868;0.543010752688172;82013.22580645162;69722.70353302613;0.09720708146826774;0.11900103009562404;profiles_xy/32_U+2C1E_profile_xy.png
33_U+2C1F;33_U+2C1F.png;U+2C1F;41;37;814.0;168;227;192;227;0.4666666666666667;0.6005291005291006;0.5052631578947369;0.568922305764411;21.954545454545453;18.024570024570025;0.5488636363636363;0.5006825006825006;92827.50859950858;91201.31818181819;0.08799283051944803;0.07002558214205942;profiles_xy/33_U+2C1F_profile_xy.png
34_U+2C20;34_U+2C20.png;U+2C20;33;37;665.0;171;176;141;177;0.59375;0.5751633986928104;0.46381578947368424;0.5479876160990712;17.181954887218044;17.52481203007519;0.5369360902255639;0.48680033416875523;88539.84060150376;47260.98345864662;0.10273350111564068;0.06940346490050314;profiles_xy/34_U+2C20_profile_xy.png
35_U+2C21;35_U+2C21.png;U+2C21;37;37;618.0;91;94;209;224;0.2808641975308642;0.27485380116959063;0.6111111111111112;0.6204986149584487;17.762135922330096;22.472491909385113;0.4933926645091693;0.6242358863718087;64132.03236245955;46152.03398058252;0.08007215675124299;0.05762319956423364;profiles_xy/35_U+2C21_profile_xy.png
36_U+2C22;36_U+2C22.png;U+2C22;35;46;613.0;181;127;118;187;0.4629156010230179;0.30676328502415456;0.30179028132992325;0.45169082125603865;17.298531810766722;22.388254486133768;0.5087803473754918;0.49751676635852815;114317.59543230018;57914.3686786297;0.09209320317588075;0.08172746303932345;profiles_xy/36_U+2C22_profile_xy.png
37_U+2C23;37_U+2C23.png;U+2C23;33;37;624.0;184;217;196;27;0.6388888888888888;0.7091503267973857;0.6447368421052632;0.08359133126934984;12.666666666666666;14.445512820512821;0.3958333333333333;0.401264245014245;65674.14743589742;56414.66666666668;0.08120912897166012;0.0882891793536325;profiles_xy/37_U+2C23_profile_xy.png
38_U+2C24;38_U+2C24.png;U+2C24;32;38;491.0;129;118;128;116;0.4243421052631579;0.3881578947368421;0.42105263157894735;0.3815789473684211;16.21181262729124;18.329938900203665;0.5229616976545561;0.4954037540595585;58754.54989816701;31463.97148676171;0.0874090828457405;0.06668200657996214;profiles_xy/38_U+2C24_profile_xy.png
39_U+2C26;39_U+2C26.png;U+2C26;37;37;643.0;140;162;167;174;0.43209876543209874;0.47368421052631576;0.48830409356725146;0.481994459833795;17.973561430793158;19.393468118195955;0.49926559529980996;0.5387074477276654;63863.45256609642;44970.55054432349;0.07663663355377046;0.05396500602922677;profiles_xy/39_U+2C26_profile_xy.png
40_U+2C27;40_U+2C27.png;U+2C27;50;38;905.0;245;214;233;213;0.5157894736842106;0.45052631578947366;0.4905263157894737;0.44842105263157894;23.775690607734806;18.297237569060773;0.48521817566805725;0.4945199342989398;116893.04309392266;161279.46519337015;0.09434885575543923;0.07422297118068676;profiles_xy/40_U+2C27_profile_xy.png
41_U+2C28;41_U+2C28.png;U+2C28;47;38;948.0;262;213;264;209;0.5995423340961098;0.46710526315789475;0.6041189931350115;0.4583333333333333;20.457805907172997;18.380801687763714;0.44473491102549995;0.4967784239936139;113845.5305907173;159733.31223628693;0.08772112647341626;0.07962904305367131;profiles_xy/41_U+2C28_profile_xy.png
42_U+2C29;42_U+2C29.png;U+2C29;62;38;1063.0;318;247;257;241;0.5398981324278438;0.41935483870967744;0.4363327674023769;0.4091680814940577;30.586077140169333;18.344308560677327;0.5014111006585137;0.49579212326154937;111727.98306679209;286397.8739416745;0.07677595835400594;0.07240638332276332;profiles_xy/42_U+2C29_profile_xy.png
43_U+2C2A;43_U+2C2A.png;U+2C2A;42;38;682.0;161;162;178;181;0.40350877192982454;0.40601503759398494;0.44611528822055135;0.45363408521303256;20.592375366568916;18.86950146627566;0.5022530577211931;0.5099865261155584;56145.38563049853;78828.68035190615;0.06013485198059518;0.06875941421537779;profiles_xy/43_U+2C2A_profile_xy.png
